loan_id,age,income,loan_amount,credit_score,default,loan_amount_cleaned,dti_ratio,risk_category
1001,64,49712.0,11515,360,0,11515.0,0.23163421306726745,High Risk
1002,35,49712.0,26673,713,0,26673.0,0.5365505310588993,Good
1003,68,49712.0,11267,449,0,11267.0,0.22664547795300932,High Risk
1004,63,49712.0,11561,306,1,11561.0,0.23255954296749276,High Risk
1005,46,49712.0,19316,426,0,19316.0,0.3885580946250402,High Risk
1006,60,49712.0,1773,355,0,1773.0,0.03566543289346637,High Risk
1007,32,49712.0,10503,556,1,10503.0,0.2112769552623109,High Risk
1008,42,49712.0,26171,470,0,26171.0,0.5264523656260058,High Risk
1009,18,49712.0,-2512,430,0,832.2500000000001,0.01674143064048922,High Risk
1010,33,49712.0,25854,354,0,25854.0,0.5200756356614097,High Risk
1011,27,49712.0,21495,380,1,21495.0,0.43239056968136463,High Risk
1012,55,49712.0,-7498,651,1,832.2500000000001,0.01674143064048922,Fair
1013,39,49712.0,5228,486,0,5228.0,0.1051657547473447,High Risk
1014,58,49712.0,20529,715,0,20529.0,0.4129586417766334,Good
1015,68,49712.0,11176,745,0,11176.0,0.22481493401995495,Excellent
1016,59,49712.0,13913,541,0,13913.0,0.27987206308336016,High Risk
1017,28,49712.0,27839,301,1,27839.0,0.5600056324428709,High Risk
1018,42,49712.0,12787,484,0,12787.0,0.25722159639523656,High Risk
1019,32,49712.0,21358,523,1,21358.0,0.42963469584808495,High Risk
1020,40,49712.0,7470,466,1,7470.0,0.15026552944962987,High Risk
1021,61,49712.0,40387,568,0,32287.140000000025,0.649483826842614,High Risk
1022,58,49712.0,27213,758,1,27213.0,0.5474130994528484,Excellent
1023,19,49712.0,31309,567,0,31309.0,0.6298076923076923,High Risk
1024,26,49712.0,10918,645,0,10918.0,0.2196250402317348,Fair
1025,21,49712.0,7850,599,0,7850.0,0.15790955906018667,Fair
1026,44,49712.0,-4010,589,0,832.2500000000001,0.01674143064048922,Fair
1027,49,49712.0,21699,462,0,21699.0,0.4364942066301899,High Risk
1028,61,49712.0,14032,647,0,14032.0,0.28226585130350823,Fair
1029,43,49712.0,20077,419,0,20077.0,0.40386626971355005,High Risk
1030,40,49712.0,28326,786,1,28326.0,0.5698020598648214,Excellent
1031,41,49712.0,16424,652,0,16424.0,0.3303830061152237,Fair
1032,18,49712.0,14255,607,1,14255.0,0.2867516897328613,Fair
1033,33,49712.0,24098,471,0,24098.0,0.4847521725136788,High Risk
1034,21,49712.0,10278,651,0,10278.0,0.20675088509816544,Fair
1035,20,49712.0,15777,329,1,15777.0,0.31736803990988094,High Risk
1036,61,49712.0,14530,539,0,14530.0,0.2922835532668169,High Risk
1037,38,49712.0,11879,591,0,11879.0,0.23895638879948503,Fair
1038,35,49712.0,21885,471,0,21885.0,0.4402357579658835,High Risk
1039,61,49712.0,23261,516,0,23261.0,0.4679151915030576,High Risk
1040,43,49712.0,27218,513,1,27218.0,0.5475136787898294,High Risk
1041,51,49712.0,11190,661,0,11190.0,0.22509655616350177,Fair
1042,56,49712.0,23925,600,0,23925.0,0.48127212745413583,Fair
1043,21,49712.0,17980,356,1,17980.0,0.3616832957837142,High Risk
1044,44,49712.0,3761,374,0,3761.0,0.07565577727711618,High Risk
1045,40,49712.0,11302,310,0,11302.0,0.2273495333118764,High Risk
1046,48,49712.0,8823,723,0,8823.0,0.17748229803669135,Good
1047,44,49712.0,13947,375,0,13947.0,0.28055600257483104,High Risk
1048,18,49712.0,10568,503,0,10568.0,0.21258448664306404,High Risk
1049,31,49712.0,10257,832,0,10257.0,0.20632845188284518,Excellent
1050,36,49712.0,3352,632,0,3352.0,0.06742838751206952,Fair
1051,65,49712.0,21983,357,0,21983.0,0.4422071129707113,High Risk
1052,35,36439.0,10285,398,0,10285.0,0.2822525316282006,High Risk
1053,39,42123.0,12067,776,0,12067.0,0.28647057427058853,Excellent
1054,58,39130.0,2534,720,0,2534.0,0.06475849731663685,Good
1055,61,63409.0,4592,668,0,4592.0,0.07241874181898468,Fair
1056,42,47391.0,8355,438,0,8355.0,0.17629929733493702,High Risk
1057,59,49970.0,14190,506,0,14190.0,0.2839703822293376,High Risk
1058,68,38518.0,13699,625,1,13699.0,0.3556519030063866,Fair
1059,64,93872.0,27254,350,0,27254.0,0.29033151525481504,High Risk
1060,22,58880.0,13367,399,0,13367.0,0.2270210597826087,High Risk
1061,20,48140.0,18445,679,1,18445.0,0.38315330286663896,Good
1062,63,66264.0,5758,384,1,5758.0,0.08689484486297236,High Risk
1063,22,40405.0,10991,723,0,10991.0,0.27202078950624925,Good
1064,45,75793.0,7377,407,0,7377.0,0.09733088807673532,High Risk
1065,47,46392.0,17961,785,0,17961.0,0.38715726849456805,Excellent
1066,43,45975.0,11560,521,0,11560.0,0.2514410005437738,High Risk
1067,23,35591.0,9662,632,1,9662.0,0.27147312522828804,Fair
1068,48,43082.0,-797,791,0,832.2500000000001,0.01931781254352166,Excellent
1069,29,4424.0,10288,795,0,10288.0,2.325497287522604,Excellent
1070,22,31855.0,23683,479,0,23683.0,0.7434625647465076,High Risk
1071,69,74820.0,13444,476,0,13444.0,0.17968457631649293,High Risk
1072,23,56006.0,17720,320,0,17720.0,0.3163946719994286,High Risk
1073,22,49879.0,22071,634,0,22071.0,0.44249082780328397,Fair
1074,45,23082.0,21907,356,0,21907.0,0.9490945325361754,High Risk
1075,60,52134.0,14559,405,0,14559.0,0.2792611347680976,High Risk
1076,50,67174.0,6407,493,0,6407.0,0.09537916455771578,High Risk
1077,48,30819.0,-224,666,0,832.2500000000001,0.027004445309711547,Fair
1078,38,34115.0,2618,763,1,2618.0,0.07674043675802433,Excellent
1079,28,12872.0,19786,836,0,19786.0,1.5371348663766315,Excellent
1080,25,50526.0,-768,655,1,832.2500000000001,0.016471717531567908,Fair
1081,29,70145.0,24917,510,0,24917.0,0.355221327250695,High Risk
1082,61,49708.0,-43,529,1,832.2500000000001,0.016742777822483304,High Risk
1083,38,40251.0,24627,397,0,24627.0,0.6118357307892972,High Risk
1084,67,38900.0,10840,767,0,10840.0,0.27866323907455015,Excellent
1085,58,65569.0,20237,729,0,20237.0,0.3086367033201665,Good
1086,61,18464.0,9967,473,0,9967.0,0.53980719237435,High Risk
1087,57,35816.0,10952,678,0,10952.0,0.30578512396694213,Good
1088,48,60606.0,21923,330,0,21923.0,0.3617298617298617,High Risk
1089,39,53893.0,20036,551,0,20036.0,0.3717736997383705,High Risk
1090,19,71099.0,13474,365,0,13474.0,0.18951040099016864,High Risk
1091,51,48636.0,8939,830,0,8939.0,0.18379389752446748,Excellent
1092,46,49485.0,22823,695,1,22823.0,0.46121046781853087,Good
1093,68,58038.0,26404,479,0,26404.0,0.4549433130018264,High Risk
1094,38,43603.0,9814,544,0,9814.0,0.22507625622090224,High Risk
1095,41,51206.0,25210,708,1,25210.0,0.4923251181502168,Good
1096,47,70198.0,23438,351,0,23438.0,0.3338841562437676,High Risk
1097,34,72557.0,14527,641,0,14527.0,0.2002150033766556,Fair
1098,67,36717.0,16004,499,0,16004.0,0.4358743906092546,High Risk
1099,58,53924.0,20061,777,0,20061.0,0.37202358875454344,Excellent
1100,48,73795.0,7313,700,0,7313.0,0.09909885493597127,Good
1101,62,80177.0,21024,824,0,21024.0,0.2622198386070818,Excellent
1102,42,72155.0,7609,614,0,7609.0,0.10545353752338715,Fair
1103,37,45820.0,4353,489,0,4353.0,0.09500218245307726,High Risk
1104,61,54433.0,11623,623,0,11623.0,0.2135285580438337,Fair
1105,20,49529.0,9373,575,1,9373.0,0.1892426659128995,High Risk
1106,61,23150.0,23009,385,1,23009.0,0.9939092872570194,High Risk
1107,32,47540.0,18333,482,0,18333.0,0.385633151030711,High Risk
1108,36,69425.0,9583,537,0,9583.0,0.1380338494778538,High Risk
1109,64,39523.0,17742,705,1,17742.0,0.4489031703058978,Good
1110,56,78050.0,13864,715,0,13864.0,0.17762972453555415,Good
1111,51,25465.0,9791,698,0,9791.0,0.38448851364618103,Good
1112,47,52406.0,21168,737,0,21168.0,0.40392321489905736,Good
1113,64,75161.0,157,721,1,832.2500000000001,0.011072896848099414,Good
1114,27,35089.0,6199,832,0,6199.0,0.176665051725612,Excellent
1115,42,40121.0,17713,814,0,17713.0,0.4414894942798036,Excellent
1116,29,44904.0,6879,826,0,6879.0,0.15319347942276856,Excellent
1117,46,60793.0,9909,748,0,9909.0,0.1629957396410771,Excellent
1118,24,36447.0,18305,736,1,18305.0,0.5022361236864488,Good
1119,51,52423.0,26176,786,0,26176.0,0.49932281632108044,Excellent
1120,68,59878.0,29060,590,0,29060.0,0.4853201509736464,Fair
1121,55,31444.0,11886,370,0,11886.0,0.3780053428317008,High Risk
1122,27,60913.0,26080,729,1,26080.0,0.4281516260896689,Good
1123,65,41717.0,12477,458,0,12477.0,0.29908670326245895,High Risk
1124,60,71262.0,6446,524,0,6446.0,0.09045494092223064,High Risk
1125,47,59235.0,13299,563,0,13299.0,0.2245125348189415,High Risk
1126,67,64216.0,17679,345,0,17679.0,0.27530521988289525,High Risk
1127,20,33782.0,28392,810,0,28392.0,0.8404475756319933,Excellent
1128,59,69738.0,19680,803,0,19680.0,0.2821990880151424,Excellent
1129,25,64380.0,16722,409,0,16722.0,0.2597390493942218,High Risk
1130,63,48061.0,29586,626,0,29586.0,0.6155926842970392,Fair
1131,67,58886.0,13969,591,0,13969.0,0.23722107122236186,Fair
1132,36,48369.0,6469,833,0,6469.0,0.133742686431392,Excellent
1133,29,68902.0,11073,324,0,11073.0,0.16070651069635133,High Risk
1134,63,18083.0,-276,342,0,832.2500000000001,0.046023889841287406,High Risk
1135,29,47934.0,16261,549,1,16261.0,0.33923728459965785,High Risk
1136,68,65271.0,7859,652,1,7859.0,0.12040569318686706,Fair
1137,58,35258.0,12687,738,0,12687.0,0.3598332293380226,Good
1138,30,62272.0,18681,699,0,18681.0,0.29999036485097635,Good
1139,68,71408.0,20304,797,0,20304.0,0.2843378893121219,Excellent
1140,50,61269.0,20181,816,0,20181.0,0.32938353816775207,Excellent
1141,55,32309.0,28916,841,0,28916.0,0.8949828221238664,Excellent
1142,34,41318.0,14858,627,0,14858.0,0.3596011423592623,Fair
1143,67,39632.0,11718,695,0,11718.0,0.29567016552280984,Good
1144,63,51704.0,21640,823,0,21640.0,0.4185362834596936,Excellent
1145,55,63931.0,17302,741,1,17302.0,0.2706355289296273,Excellent
1146,34,50840.0,7320,392,0,7320.0,0.14398111723052714,High Risk
1147,30,33096.0,11092,346,0,11092.0,0.3351462412376118,High Risk
1148,62,56647.0,16226,353,0,16226.0,0.2864405882041414,High Risk
1149,36,47109.0,666,566,0,832.2500000000001,0.017666475620369784,High Risk
1150,43,42677.0,17551,669,0,17551.0,0.41125196241535256,Fair
1151,35,38773.0,20354,390,0,20354.0,0.5249529311634384,High Risk
1152,66,15476.0,26752,821,0,26752.0,1.7286120444559319,Excellent
1153,45,55283.0,23377,477,1,23377.0,0.42286055387732213,High Risk
1154,48,19493.0,9318,392,0,9318.0,0.47801774996152463,High Risk
1155,48,31644.0,23605,650,0,23605.0,0.7459549993679686,Fair
1156,25,46657.0,19859,485,0,19859.0,0.4256381679062091,High Risk
1157,38,29842.0,22681,485,0,22681.0,0.760036190603847,High Risk
1158,67,67264.0,16794,718,0,16794.0,0.24967293054234063,Good
1159,26,60277.0,5151,342,0,5151.0,0.08545548053154603,High Risk
1160,47,36824.0,-2255,840,1,832.2500000000001,0.02260074951118836,Excellent
1161,22,66755.0,15293,657,0,15293.0,0.22909145382368362,Fair
1162,57,42684.0,9494,637,0,9494.0,0.22242526473620092,Fair
1163,19,39263.0,21285,805,1,21285.0,0.5421134401344777,Excellent
1164,34,78864.0,26402,334,0,26402.0,0.33477885980929195,High Risk
1165,53,43043.0,31263,598,1,31263.0,0.7263201914364705,Fair
1166,30,46150.0,8788,674,0,8788.0,0.19042253521126762,Good
1167,44,38647.0,19434,763,0,19434.0,0.5028592128755143,Excellent
1168,37,47016.0,12298,540,0,12298.0,0.2615705291815552,High Risk
1169,65,58718.0,11239,620,0,11239.0,0.19140638305119384,Fair
1170,38,59550.0,17768,671,0,17768.0,0.2983711167086482,Good
1171,31,63070.0,25830,684,0,25830.0,0.4095449500554939,Good
1172,21,23874.0,10723,642,0,10723.0,0.4491497026053447,Fair
1173,66,56581.0,8493,673,1,8493.0,0.15010339159788622,Good
1174,33,35335.0,28951,646,0,28951.0,0.8193292769209,Fair
1175,30,76223.0,14543,673,0,14543.0,0.19079542920115974,Good
1176,64,26021.0,3706,548,0,3706.0,0.1424234272318512,High Risk
1177,51,44158.0,17696,339,0,17696.0,0.40074278726391593,High Risk
1178,41,56778.0,9424,732,1,9424.0,0.16597978090105323,Good
1179,28,41321.0,10213,806,0,10213.0,0.24716245976622056,Excellent
1180,33,59214.0,6805,421,0,6805.0,0.11492214678961056,High Risk
1181,27,53698.0,4728,380,1,4728.0,0.08804797199150806,High Risk
1182,23,63953.0,9658,762,0,9658.0,0.15101715322189732,Excellent
1183,60,51776.0,18738,334,0,18738.0,0.36190512978986406,High Risk
1184,24,61130.0,15179,735,0,15179.0,0.24830688696221168,Good
1185,65,57686.0,8313,791,0,8313.0,0.14410775578129875,Excellent
1186,58,42296.0,20953,716,0,20953.0,0.4953896349536599,Good
1187,29,67993.0,16649,574,0,16649.0,0.24486344182489375,High Risk
1188,21,37483.0,-1110,745,0,832.2500000000001,0.022203398874156288,Excellent
1189,64,40138.0,13998,529,0,13998.0,0.3487468234590662,High Risk
1190,56,86113.0,11228,590,0,11228.0,0.13038681732142648,Fair
1191,60,8844.0,12612,386,1,12612.0,1.4260515603799186,High Risk
1192,23,45550.0,8020,631,0,8020.0,0.1760702524698134,Fair
1193,48,53314.0,10043,683,0,10043.0,0.18837453576921634,Good
1194,68,56891.0,11587,377,0,11587.0,0.20367017630205128,High Risk
1195,46,42924.0,19298,480,1,19298.0,0.44958531357748577,High Risk
1196,31,65114.0,19651,847,0,19651.0,0.30179377706791166,Excellent
1197,58,60492.0,11025,336,0,11025.0,0.1822555048601468,High Risk
1198,22,41985.0,20001,801,0,20001.0,0.4763844230082172,Excellent
1199,45,43666.0,27159,791,0,27159.0,0.6219713278065314,Excellent
1200,38,36200.0,21037,750,0,21037.0,0.5811325966850829,Excellent
1201,47,56064.0,34690,500,0,32287.140000000025,0.5758979023972607,High Risk
1202,63,34539.0,6006,491,0,6006.0,0.17389038478241986,High Risk
1203,69,61641.0,16439,548,1,16439.0,0.26668937882253696,High Risk
1204,51,37795.0,12730,753,0,12730.0,0.3368170392909115,Excellent
1205,33,48770.0,26656,607,0,26656.0,0.5465655115849908,Fair
1206,49,36974.0,5332,648,0,5332.0,0.1442094444744956,Fair
1207,54,63325.0,21450,395,0,21450.0,0.33872878010264507,High Risk
1208,29,30493.0,15360,823,0,15360.0,0.5037221657429574,Excellent
1209,19,49460.0,-1967,397,0,832.2500000000001,0.01682672866963203,High Risk
1210,50,46806.0,7605,361,0,7605.0,0.16247916933726445,High Risk
1211,62,32052.0,16234,744,1,16234.0,0.5064894546362162,Excellent
1212,67,42456.0,22495,485,0,22495.0,0.5298426606368947,High Risk
1213,60,52425.0,22958,682,1,22958.0,0.43792083929422987,Good
1214,28,58840.0,7935,749,0,7935.0,0.1348572399728076,Excellent
1215,22,44853.0,21848,479,0,21848.0,0.48710231199696785,High Risk
1216,65,27799.0,9443,685,0,9443.0,0.3396884780028059,Good
1217,32,39603.0,11002,405,1,11002.0,0.277807236825493,High Risk
1218,34,69031.0,19889,781,0,19889.0,0.28811693297214297,Excellent
1219,25,53507.0,18260,644,0,18260.0,0.3412637598818846,Fair
1220,58,64800.0,12227,480,0,12227.0,0.18868827160493828,High Risk
1221,37,54560.0,4844,452,0,4844.0,0.08878299120234603,High Risk
1222,25,71262.0,9130,639,0,9130.0,0.12811877297858607,Fair
1223,28,38597.0,17788,311,0,17788.0,0.4608648340544602,High Risk
1224,21,71617.0,7692,343,0,7692.0,0.1074046664897999,High Risk
1225,36,77014.0,12675,676,0,12675.0,0.16458046588931882,Good
1226,32,65329.0,9459,547,0,9459.0,0.14479021567757044,High Risk
1227,29,41351.0,21906,357,0,21906.0,0.5297574423834974,High Risk
1228,25,61875.0,8827,457,0,8827.0,0.14265858585858585,High Risk
1229,26,68211.0,-888,327,0,832.2500000000001,0.012201111257715032,High Risk
1230,23,46614.0,4401,689,0,4401.0,0.09441369545630068,Good
1231,60,55560.0,-1422,620,0,832.2500000000001,0.014979301655867533,Fair
1232,53,62104.0,18750,371,0,18750.0,0.301912920262785,High Risk
1233,68,57690.0,26795,338,0,26795.0,0.4644652452764777,High Risk
1234,25,38030.0,20490,809,0,20490.0,0.5387851696029451,Excellent
1235,68,52244.0,860,323,0,860.0,0.016461220427226093,High Risk
1236,42,43774.0,628,398,0,832.2500000000001,0.019012427468360217,High Risk
1237,65,58723.0,27681,318,0,27681.0,0.47138259285118267,High Risk
1238,19,43856.0,17968,412,0,17968.0,0.4097044874133528,High Risk
1239,45,65664.0,11974,448,1,11974.0,0.1823525828460039,High Risk
1240,53,64029.0,4387,607,0,4387.0,0.06851582876509082,Fair
1241,62,38468.0,21197,839,0,21197.0,0.5510294270562546,Excellent
1242,33,57468.0,32031,827,1,32031.0,0.5573710586761328,Excellent
1243,51,37586.0,28810,440,0,28810.0,0.7665088064704944,High Risk
1244,56,31597.0,9451,524,0,9451.0,0.29911067506408834,High Risk
1245,65,36269.0,14612,653,0,14612.0,0.40287849127353936,Fair
1246,20,63138.0,17190,308,0,17190.0,0.2722607621400741,High Risk
1247,24,53738.0,24211,419,0,24211.0,0.45053779448435,High Risk
1248,28,63965.0,13343,549,0,13343.0,0.20859845227858986,High Risk
1249,59,43011.0,19293,582,0,19293.0,0.448559670781893,Fair
1250,58,24590.0,6965,301,0,6965.0,0.2832452216348109,High Risk
1251,35,67960.0,9272,424,1,9272.0,0.13643319599764567,High Risk
1252,41,26660.0,2504,384,0,2504.0,0.09392348087021755,High Risk
1253,32,60796.0,24444,494,0,24444.0,0.40206592538982827,High Risk
1254,24,44916.0,9807,311,0,9807.0,0.21834090301896875,High Risk
1255,39,9581.0,13617,442,0,13617.0,1.421250391399645,High Risk
1256,24,56708.0,22855,776,0,22855.0,0.40302955491288706,Excellent
1257,66,55063.0,14902,560,0,14902.0,0.27063545393458405,High Risk
1258,57,44145.0,6715,754,0,6715.0,0.15211235700532336,Excellent
1259,31,57498.0,3993,752,0,3993.0,0.06944589377021809,Excellent
1260,53,80685.0,12511,464,0,12511.0,0.15505980045857345,High Risk
1261,64,57210.0,9816,726,0,9816.0,0.17157839538542213,Good
1262,66,39092.0,21310,422,1,21310.0,0.5451243221119411,High Risk
1263,33,76326.0,21873,332,0,21873.0,0.28657338259570786,High Risk
1264,54,25047.0,27131,678,0,27131.0,1.0832035772747235,Good
1265,63,57308.0,17461,369,0,17461.0,0.30468695470091434,High Risk
1266,21,48213.0,10280,514,0,10280.0,0.21322050069483334,High Risk
1267,43,30290.0,13128,417,0,13128.0,0.43341036645757675,High Risk
1268,20,38210.0,14525,756,0,14525.0,0.3801360900287883,Excellent
1269,20,45739.0,10388,720,0,10388.0,0.22711471610660486,Good
1270,35,49151.0,24918,414,0,24918.0,0.5069683221094179,High Risk
1271,23,62217.0,15972,612,0,15972.0,0.25671440281595065,Fair
1272,30,64957.0,17950,816,0,17950.0,0.276336653478455,Excellent
1273,31,53261.0,5260,502,0,5260.0,0.09875894181483637,High Risk
1274,62,44891.0,22157,384,0,22157.0,0.49357332204673543,High Risk
1275,66,44235.0,18704,454,1,18704.0,0.4228325986210015,High Risk
1276,34,65159.0,15535,822,0,15535.0,0.2384167958378735,Excellent
1277,52,33319.0,26529,662,1,26529.0,0.7962123713196675,Fair
1278,45,41231.0,8994,344,0,8994.0,0.21813683878635007,High Risk
1279,33,58782.0,13041,400,0,13041.0,0.22185362866183525,High Risk
1280,61,68464.0,8072,511,0,8072.0,0.1179013788268287,High Risk
1281,23,48395.0,16351,506,0,16351.0,0.337865481971278,High Risk
1282,18,66815.0,12644,440,0,12644.0,0.18923894335104394,High Risk
1283,40,50053.0,13203,600,0,13203.0,0.26378039278364934,Fair
1284,23,39022.0,16166,380,0,16166.0,0.41427912459638155,High Risk
1285,57,39669.0,14260,546,0,14260.0,0.3594746527515188,High Risk
1286,40,62562.0,3415,802,0,3415.0,0.054585850835970715,Excellent
1287,21,69836.0,8453,679,0,8453.0,0.12104072398190045,Good
1288,57,68710.0,15858,467,0,15858.0,0.2307960995488284,High Risk
1289,44,62268.0,10612,454,0,10612.0,0.1704246161752425,High Risk
1290,64,18498.0,-33,592,0,832.2500000000001,0.044991350416261226,Fair
1291,20,55036.0,10301,723,0,10301.0,0.18716839886619668,Good
1292,58,45812.0,5423,371,0,5423.0,0.11837509822753864,High Risk
1293,52,45697.0,2375,529,0,2375.0,0.05197277720638116,High Risk
1294,61,52551.0,-1104,454,0,832.2500000000001,0.01583699644155202,High Risk
1295,28,63824.0,15485,523,0,15485.0,0.2426203309100025,High Risk
1296,18,58777.0,14497,582,1,14497.0,0.24664409547952432,Fair
1297,29,62499.0,10041,710,0,10041.0,0.1606585705371286,Good
1298,25,44103.0,14433,427,0,14433.0,0.3272566492075369,High Risk
1299,58,42117.0,16842,452,0,16842.0,0.3998860317686445,High Risk
1300,59,24022.0,17302,630,1,17302.0,0.7202564316043627,Fair
1301,46,9499.0,15847,707,1,15847.0,1.6682808716707023,Good
1302,56,48988.0,21614,443,1,21614.0,0.4412100922674941,High Risk
1303,57,63754.0,17677,464,0,17677.0,0.27726887724691784,High Risk
1304,23,66866.0,14531,733,0,14531.0,0.2173152274698651,Good
1305,69,44324.0,21361,357,1,21361.0,0.4819285263062901,High Risk
1306,50,63200.0,25245,711,0,25245.0,0.3994462025316456,Good
1307,63,40412.0,19913,401,0,19913.0,0.49274967831337224,High Risk
1308,24,60084.0,21472,383,0,21472.0,0.3573663537713867,High Risk
1309,41,75808.0,19554,845,0,19554.0,0.2579411143942592,Excellent
1310,45,38346.0,12260,383,0,12260.0,0.3197204402023679,High Risk
1311,66,57305.0,7658,562,0,7658.0,0.13363580839368291,High Risk
1312,47,54923.0,18548,792,1,18548.0,0.33770915645540117,Excellent
1313,45,49857.0,19928,722,0,19928.0,0.399703151011894,Good
1314,63,64330.0,11430,331,0,11430.0,0.17767759987564122,High Risk
1315,56,30440.0,5052,595,1,5052.0,0.1659658344283837,Fair
1316,68,46972.0,40503,606,1,32287.140000000025,0.687369922507026,Fair
1317,20,65342.0,25908,473,1,25908.0,0.39649842367849164,High Risk
1318,42,49407.0,13480,520,0,13480.0,0.2728358329791325,High Risk
1319,53,43054.0,3460,345,0,3460.0,0.08036419380313095,High Risk
1320,43,38600.0,16169,793,0,16169.0,0.4188860103626943,Excellent
1321,31,51582.0,18820,578,0,18820.0,0.36485595750455585,High Risk
1322,66,37248.0,25345,566,0,25345.0,0.6804392182130584,High Risk
1323,36,33490.0,21806,468,0,21806.0,0.6511197372349955,High Risk
1324,43,52906.0,17504,620,0,17504.0,0.3308509431822478,Fair
1325,60,36109.0,7183,724,1,7183.0,0.19892547564319144,Good
1326,32,49217.0,10998,499,0,10998.0,0.2234593737936079,High Risk
1327,41,52335.0,12323,416,0,12323.0,0.2354638387312506,High Risk
1328,49,48501.0,23003,839,0,23003.0,0.47427888084781755,Excellent
1329,61,44111.0,15239,559,0,15239.0,0.3454693840538641,High Risk
1330,19,57095.0,15080,377,0,15080.0,0.2641212015062615,High Risk
1331,52,58482.0,32252,697,0,32252.0,0.5514859272938682,Good
1332,19,25736.0,17703,698,0,17703.0,0.6878691327323594,Good
1333,55,64582.0,14524,343,0,14524.0,0.2248923848750426,High Risk
1334,26,62371.0,18472,627,0,18472.0,0.2961632810120088,Fair
1335,29,17669.0,16176,832,0,16176.0,0.9155017261871073,Excellent
1336,21,56404.0,12847,636,0,12847.0,0.2277675342174314,Fair
1337,49,78245.0,2166,661,0,2166.0,0.027682280017892517,Fair
1338,52,34622.0,17802,357,0,17802.0,0.5141817341574721,High Risk
1339,30,26887.0,30637,606,0,30637.0,1.1394726075798713,Fair
1340,52,67983.0,11078,327,0,11078.0,0.16295250283159024,High Risk
1341,63,22763.0,14044,815,0,14044.0,0.6169661292448271,Excellent
1342,18,47106.0,9361,367,0,9361.0,0.19872203116375833,High Risk
1343,66,60931.0,8677,377,0,8677.0,0.14240698495018955,High Risk
1344,20,58259.0,16548,520,0,16548.0,0.28404195059990733,High Risk
1345,58,36348.0,27640,374,0,27640.0,0.7604269836029492,High Risk
1346,64,54368.0,26135,505,0,26135.0,0.4807055620953502,High Risk
1347,51,34255.0,19848,734,1,19848.0,0.579419062910524,Good
1348,22,71195.0,13384,667,0,13384.0,0.18799072968607347,Fair
1349,62,42265.0,16433,807,0,16433.0,0.3888087069679404,Excellent
1350,58,54782.0,17089,352,0,17089.0,0.31194552955350296,High Risk
1351,19,26259.0,13842,585,0,13842.0,0.5271335542099852,Fair
1352,27,59186.0,8586,686,0,8586.0,0.14506809042679011,Good
1353,66,41069.0,8210,469,1,8210.0,0.1999074727896954,High Risk
1354,29,93348.0,20954,331,0,20954.0,0.22447186870634614,High Risk
1355,63,45948.0,15168,481,0,15168.0,0.33011230086184384,High Risk
1356,35,48650.0,24931,342,0,24931.0,0.5124563206577595,High Risk
1357,23,53898.0,16249,465,0,16249.0,0.30147686370551785,High Risk
1358,35,39243.0,4099,496,0,4099.0,0.10445174935657314,High Risk
1359,69,54351.0,3262,522,0,3262.0,0.06001729498997259,High Risk
1360,44,59767.0,10655,474,1,10655.0,0.17827563705723895,High Risk
1361,57,69023.0,16850,537,1,16850.0,0.2441215247091549,High Risk
1362,26,51195.0,19361,691,0,19361.0,0.37818146303349937,Good
1363,28,77893.0,11911,381,0,11911.0,0.15291489607538547,High Risk
1364,67,68633.0,27338,700,0,27338.0,0.39832150714670783,Good
1365,18,52273.0,21277,654,1,21277.0,0.40703613720276244,Fair
1366,38,65105.0,14282,790,1,14282.0,0.21936871208048536,Excellent
1367,57,46444.0,14806,810,0,14806.0,0.31879252433037636,Excellent
1368,18,65730.0,4797,754,1,4797.0,0.07298037425832953,Excellent
1369,60,36240.0,8054,563,0,8054.0,0.22224061810154525,High Risk
1370,64,42990.0,17604,352,0,17604.0,0.40949057920446613,High Risk
1371,44,54814.0,19165,612,0,19165.0,0.3496369540628307,Fair
1372,28,55568.0,18925,358,1,18925.0,0.34057371148862653,High Risk
1373,41,39612.0,25401,310,1,25401.0,0.6412450772493183,High Risk
1374,40,68490.0,7355,674,1,7355.0,0.10738793984523289,Good
1375,59,42646.0,12324,624,0,12324.0,0.2889837264925198,Fair
1376,34,60320.0,11540,680,0,11540.0,0.1913129973474801,Good
1377,20,56280.0,24809,724,0,24809.0,0.4408137882018479,Good
1378,21,11453.0,25572,768,0,25572.0,2.2327774382257926,Excellent
1379,31,29423.0,13388,708,0,13388.0,0.4550181830540733,Good
1380,49,65820.0,4431,750,0,4431.0,0.06731996353691887,Excellent
1381,46,29573.0,12958,430,0,12958.0,0.43816995232137423,High Risk
1382,56,43060.0,20260,554,0,20260.0,0.47050627032048303,High Risk
1383,60,65806.0,8269,488,0,8269.0,0.12565723490259248,High Risk
1384,49,49246.0,24794,624,0,24794.0,0.5034723632376233,Fair
1385,66,59743.0,12817,477,0,12817.0,0.21453559412818238,High Risk
1386,56,38160.0,22732,583,0,22732.0,0.5957023060796646,Fair
1387,58,32404.0,19235,523,1,19235.0,0.5935995556104184,High Risk
1388,49,50524.0,22010,662,0,22010.0,0.43563454991687117,Fair
1389,63,54361.0,14454,370,0,14454.0,0.2658891484704108,High Risk
1390,67,43439.0,834,591,1,834.0,0.019199337001312183,Fair
1391,20,39325.0,14111,676,0,14111.0,0.3588302606484425,Good
1392,27,65445.0,18006,608,0,18006.0,0.27513179005271604,Fair
1393,36,49778.0,-2536,744,1,832.2500000000001,0.01671923339627948,Excellent
1394,23,55733.0,24269,570,0,24269.0,0.4354511689663216,High Risk
1395,43,66199.0,8032,501,0,8032.0,0.12133113793259717,High Risk
1396,27,43992.0,12102,512,0,12102.0,0.27509547190398254,High Risk
1397,22,47729.0,-351,331,1,832.2500000000001,0.017436987994720193,High Risk
1398,60,40469.0,21522,746,1,21522.0,0.5318144752773728,Excellent
1399,43,58076.0,3215,654,0,3215.0,0.05535849576417109,Fair
1400,42,64528.0,10984,469,0,10984.0,0.17022067939499133,High Risk
1401,44,53220.0,13386,454,1,13386.0,0.25152198421646,High Risk
1402,54,41844.0,33882,307,0,32287.140000000025,0.7716073989102387,High Risk
1403,24,18563.0,25232,700,0,25232.0,1.3592630501535312,Good
1404,41,49024.0,21412,660,0,21412.0,0.4367656657963446,Fair
1405,61,53919.0,28028,795,0,28028.0,0.5198167621803075,Excellent
1406,62,44240.0,20545,825,1,20545.0,0.46439873417721517,Excellent
1407,43,40001.0,7605,621,0,7605.0,0.19012024699382515,Fair
1408,40,50714.0,4033,664,1,4033.0,0.07952439168671373,Fair
1409,40,53615.0,29544,758,0,29544.0,0.5510398209456309,Excellent
1410,48,32892.0,26723,678,0,26723.0,0.8124467955733917,Good
1411,61,66565.0,12564,556,0,12564.0,0.18874784045669646,High Risk
1412,22,60565.0,-272,826,0,832.2500000000001,0.01374143482209197,Excellent
1413,55,12592.0,25865,358,0,25865.0,2.054081956797967,High Risk
1414,19,82536.0,5682,438,0,5682.0,0.06884268682756615,High Risk
1415,38,43481.0,3087,713,0,3087.0,0.07099652721878522,Good
1416,46,34513.0,10004,623,0,10004.0,0.2898617912091096,Fair
1417,35,62550.0,8046,327,0,8046.0,0.12863309352517985,High Risk
1418,36,36600.0,12633,530,0,12633.0,0.3451639344262295,High Risk
1419,46,78210.0,10827,449,0,10827.0,0.13843498273878022,High Risk
1420,40,40995.0,7702,408,0,7702.0,0.18787657031345287,High Risk
1421,62,52614.0,20124,490,0,20124.0,0.38248374957235715,High Risk
1422,34,46212.0,16709,306,0,16709.0,0.36157275166623387,High Risk
1423,23,59905.0,28760,395,0,28760.0,0.48009348134546365,High Risk
1424,23,50347.0,18763,356,0,18763.0,0.3726736449043637,High Risk
1425,67,37421.0,18455,783,0,18455.0,0.4931722829427327,Excellent
1426,67,48338.0,11454,721,0,11454.0,0.2369564317927924,Good
1427,34,41142.0,6136,328,1,6136.0,0.14914199601380584,High Risk
1428,67,42556.0,18249,547,0,18249.0,0.4288231976689538,High Risk
1429,23,42964.0,123,364,1,832.2500000000001,0.019370868634205386,High Risk
1430,23,44076.0,24577,376,0,24577.0,0.5576050458299301,High Risk
1431,41,34424.0,15511,403,1,15511.0,0.4505867999070416,High Risk
1432,29,68077.0,10667,684,0,10667.0,0.15669021842913172,Good
1433,48,60938.0,14924,337,1,14924.0,0.24490465719255636,High Risk
1434,41,49251.0,9911,352,0,9911.0,0.20123449270065583,High Risk
1435,55,29748.0,23913,609,0,23913.0,0.803852359822509,Fair
1436,38,12492.0,20134,468,0,20134.0,1.611751520973423,High Risk
1437,24,29291.0,7928,443,0,7928.0,0.2706633436891878,High Risk
1438,39,86929.0,8618,586,1,8618.0,0.09913837729641431,Fair
1439,37,44335.0,17169,322,0,17169.0,0.38725611819104544,High Risk
1440,33,68469.0,11402,721,0,11402.0,0.16652791774379647,Good
1441,23,68653.0,2614,536,1,2614.0,0.0380755393063668,High Risk
1442,54,43996.0,-3872,730,1,832.2500000000001,0.018916492408400765,Good
1443,42,48928.0,20309,430,0,20309.0,0.41507930019620665,High Risk
1444,31,55341.0,16296,573,0,16296.0,0.29446522469778286,High Risk
1445,31,38955.0,24868,498,0,24868.0,0.6383776151970222,High Risk
1446,65,38475.0,8826,758,0,8826.0,0.22939571150097465,Excellent
1447,31,43052.0,19415,568,0,19415.0,0.45096627334386324,High Risk
1448,58,64310.0,19282,738,0,19282.0,0.2998289535064531,Good
1449,65,84839.0,11059,587,0,11059.0,0.13035278586499133,Fair
1450,21,57615.0,-142,790,0,832.2500000000001,0.014445022997483296,Excellent
1451,22,40719.0,22406,575,0,22406.0,0.5502590928067979,High Risk
1452,22,61984.0,14245,503,0,14245.0,0.22981737222509036,High Risk
1453,35,33767.0,10466,411,1,10466.0,0.3099475819587171,High Risk
1454,69,32479.0,11654,688,0,11654.0,0.35881646602420025,Good
1455,64,49390.0,-2176,390,0,832.2500000000001,0.01685057703988662,High Risk
1456,62,52694.0,28095,505,0,28095.0,0.5331726572285269,High Risk
1457,53,45421.0,22730,798,1,22730.0,0.5004293168358248,Excellent
1458,62,49712.0,17599,366,1,17599.0,0.3540191503057612,High Risk
1459,31,60223.0,26320,584,0,26320.0,0.43704232602161963,Fair
1460,29,55351.0,18321,630,0,18321.0,0.33099672995971163,Fair
1461,47,44169.0,19427,818,1,19427.0,0.43983336729380335,Excellent
1462,65,49005.0,16407,671,0,16407.0,0.33480257116620754,Good
1463,30,55670.0,2591,759,0,2591.0,0.04654212322615412,Excellent
1464,68,65264.0,3716,517,0,3716.0,0.05693797499387105,High Risk
1465,60,53585.0,13900,688,0,13900.0,0.2594009517588877,Good
1466,34,53467.0,4841,412,0,4841.0,0.09054182953971608,High Risk
1467,29,47619.0,8153,361,0,8153.0,0.1712131712131712,High Risk
1468,56,52967.0,16353,302,1,16353.0,0.3087394037797119,High Risk
1469,56,24775.0,9167,797,0,9167.0,0.3700100908173562,Excellent
1470,24,51265.0,13358,710,0,13358.0,0.26056763873988104,Good
1471,44,64475.0,11074,736,0,11074.0,0.17175649476541294,Good
1472,60,54336.0,11090,798,1,11090.0,0.20410041224970554,Excellent
1473,34,47320.0,5763,376,0,5763.0,0.12178782755705833,High Risk
1474,41,55861.0,26308,777,0,26308.0,0.47095469110828664,Excellent
1475,58,8300.0,15920,317,0,15920.0,1.9180722891566264,High Risk
1476,63,47301.0,17837,483,0,17837.0,0.3770956216570474,High Risk
1477,67,40912.0,11284,836,0,11284.0,0.27581149784904185,Excellent
1478,42,24145.0,6618,465,0,6618.0,0.2740940153240837,High Risk
1479,67,89412.0,7962,744,1,7962.0,0.08904844987250034,Excellent
1480,69,60834.0,20213,764,0,20213.0,0.3322648518920341,Excellent
1481,52,62727.0,17097,347,0,17097.0,0.2725620546176288,High Risk
1482,50,59579.0,11130,451,0,11130.0,0.18681078903640544,High Risk
1483,56,52736.0,26772,318,0,26772.0,0.5076608009708737,High Risk
1484,64,51181.0,11370,315,0,11370.0,0.22215275199781168,High Risk
1485,58,17733.0,2585,518,1,2585.0,0.14577341679354874,High Risk
1486,23,56176.0,9192,313,1,9192.0,0.16362859584164055,High Risk
1487,68,53276.0,20278,335,0,20278.0,0.3806216682934154,High Risk
1488,57,73540.0,299,839,0,832.2500000000001,0.0113169703562687,Excellent
1489,39,74810.0,22994,604,0,22994.0,0.3073653254912445,Fair
1490,45,68840.0,21106,654,1,21106.0,0.30659500290528763,Fair
1491,44,21927.0,6769,706,0,6769.0,0.30870616135358236,Good
1492,24,56849.0,34211,388,1,32287.140000000025,0.5679456103009732,High Risk
1493,25,49961.0,28409,536,1,28409.0,0.5686235263505535,High Risk
1494,28,45900.0,10649,492,0,10649.0,0.23200435729847493,High Risk
1495,29,28316.0,12663,519,0,12663.0,0.4472029947732731,High Risk
1496,46,56830.0,17789,363,1,17789.0,0.31302129157135317,High Risk
1497,59,43067.0,7737,731,0,7737.0,0.17965031230408435,Good
1498,31,50893.0,18247,845,0,18247.0,0.35853653744129843,Excellent
1499,47,55561.0,27751,578,0,27751.0,0.49946905203290076,High Risk
1500,46,65277.0,10569,400,0,10569.0,0.16191001424697826,High Risk
1501,62,37038.0,24060,750,1,24060.0,0.6496031103191316,Excellent
1502,55,56615.0,8942,670,0,8942.0,0.15794400777179193,Fair
1503,69,55803.0,4067,583,0,4067.0,0.07288138630539577,Fair
1504,60,47043.0,18705,608,1,18705.0,0.39761494802627384,Fair
1505,43,53621.0,14344,353,0,14344.0,0.26750713339922794,High Risk
1506,23,60434.0,10414,529,0,10414.0,0.1723202170963365,High Risk
1507,49,53212.0,24005,588,1,24005.0,0.451120048109449,Fair
1508,49,51828.0,24226,511,0,24226.0,0.46743073242262867,High Risk
1509,54,56359.0,10072,661,0,10072.0,0.17871147465356021,Fair
1510,22,52414.0,15475,602,0,15475.0,0.2952455450833747,Fair
1511,32,56572.0,14925,809,0,14925.0,0.2638230926960334,Excellent
1512,25,50023.0,13990,490,1,13990.0,0.2796713511784579,High Risk
1513,46,66785.0,28682,796,1,28682.0,0.42946769484165603,Excellent
1514,38,66851.0,26817,583,0,26817.0,0.40114583177514174,Fair
1515,34,59914.0,3887,537,0,3887.0,0.06487632272924525,High Risk
1516,49,54347.0,11573,444,0,11573.0,0.21294643678583913,High Risk
1517,42,46460.0,27481,361,0,27481.0,0.5914980628497633,High Risk
1518,18,48189.0,19313,622,0,19313.0,0.40077611073066466,Fair
1519,66,60323.0,24775,557,1,24775.0,0.41070570097641035,High Risk
1520,50,39652.0,29372,767,0,29372.0,0.7407444769494603,Excellent
1521,22,44521.0,20611,703,0,20611.0,0.4629500685069967,Good
1522,48,54044.0,35074,472,0,32287.140000000025,0.5974232107171938,High Risk
1523,36,32564.0,13782,754,1,13782.0,0.42322810465544775,Excellent
1524,45,24382.0,21580,774,1,21580.0,0.8850791567549832,Excellent
1525,46,58900.0,9005,378,0,9005.0,0.15288624787775892,High Risk
1526,64,63253.0,18380,399,0,18380.0,0.2905791029674482,High Risk
1527,21,34843.0,9238,830,1,9238.0,0.26513216427976927,Excellent
1528,46,51955.0,4476,392,0,4476.0,0.08615147723991916,High Risk
1529,48,63631.0,11091,677,1,11091.0,0.17430183401172383,Good
1530,22,43971.0,23015,443,1,23015.0,0.5234131586727616,High Risk
1531,30,40167.0,18222,408,1,18222.0,0.45365598625737547,High Risk
1532,61,43516.0,11533,511,0,11533.0,0.2650289548671753,High Risk
1533,69,76145.0,14951,662,0,14951.0,0.1963490708516646,Fair
1534,45,80130.0,22826,667,0,22826.0,0.2848620990889804,Fair
1535,18,52292.0,5172,543,0,5172.0,0.09890614243096459,High Risk
1536,30,40878.0,9409,349,0,9409.0,0.23017270903664563,High Risk
1537,27,22596.0,21775,432,1,21775.0,0.9636661355992211,High Risk
1538,66,54567.0,21798,797,0,21798.0,0.3994722084776513,Excellent
1539,68,58164.0,17683,791,1,17683.0,0.30401966852348533,Excellent
1540,37,37376.0,24515,560,0,24515.0,0.655902183219178,High Risk
1541,23,47425.0,19563,519,0,19563.0,0.4125039536109647,High Risk
1542,60,38474.0,8149,825,0,8149.0,0.21180537505848104,Excellent
1543,38,52103.0,16994,788,0,16994.0,0.3261616413642209,Excellent
1544,42,63530.0,31212,354,1,31212.0,0.4912954509680466,High Risk
1545,45,43638.0,7182,806,0,7182.0,0.1645813282001925,Excellent
1546,39,32924.0,8416,843,0,8416.0,0.25561900133641113,Excellent
1547,22,49856.0,15797,483,0,15797.0,0.3168525353016688,High Risk
1548,47,41459.0,2591,691,0,2591.0,0.062495477459658944,Good
1549,52,29332.0,4038,746,0,4038.0,0.13766534842492842,Excellent
1550,59,93112.0,9537,520,0,9537.0,0.10242503651516453,High Risk
1551,59,59940.0,22637,777,0,22637.0,0.377660994327661,Excellent
1552,25,56609.0,7099,479,0,7099.0,0.1254040876892367,High Risk
1553,19,36658.0,7687,518,0,7687.0,0.2096950188226308,High Risk
1554,37,79536.0,16554,670,0,16554.0,0.20813216656608327,Fair
1555,33,59006.0,21805,703,0,21805.0,0.36953869098057823,Good
1556,41,43896.0,19944,765,0,19944.0,0.45434663750683435,Excellent
1557,33,40756.0,593,801,0,832.2500000000001,0.020420306212582198,Excellent
1558,62,50625.0,12980,334,0,12980.0,0.25639506172839505,High Risk
1559,29,50713.0,29921,633,1,29921.0,0.5900065072072249,Fair
1560,25,33226.0,18277,579,0,18277.0,0.5500812616625534,High Risk
1561,43,54655.0,15349,590,0,15349.0,0.2808343243984997,Fair
1562,41,39619.0,15257,453,0,15257.0,0.3850930109290997,High Risk
1563,41,65621.0,24753,627,0,24753.0,0.3772115633714817,Fair
1564,49,77402.0,23312,505,0,23312.0,0.3011808480401023,High Risk
1565,23,33108.0,10348,533,1,10348.0,0.31255285731545246,High Risk
1566,36,63530.0,5553,586,0,5553.0,0.08740752400440736,Fair
1567,41,58063.0,19948,337,0,19948.0,0.3435578595663331,High Risk
1568,62,34855.0,16401,720,1,16401.0,0.47054941902166114,Good
1569,34,64854.0,20362,320,0,20362.0,0.31396675609831315,High Risk
1570,29,36909.0,20183,839,0,20183.0,0.5468313961364437,Excellent
1571,67,44789.0,15453,744,1,15453.0,0.3450177498939472,Excellent
1572,63,70039.0,32756,608,0,32287.140000000025,0.46098802095975133,Fair
1573,51,32789.0,8502,390,0,8502.0,0.259294275519229,High Risk
1574,27,10888.0,21397,591,0,21397.0,1.965191036002939,Fair
1575,26,73115.0,16059,348,0,16059.0,0.2196402926895986,High Risk
1576,26,31645.0,16758,314,1,16758.0,0.5295623321219782,High Risk
1577,29,59518.0,20969,745,0,20969.0,0.35231358580597466,Excellent
1578,54,27303.0,5421,623,1,5421.0,0.1985496099329744,Fair
1579,31,40677.0,10725,648,0,10725.0,0.2636625119846596,Fair
1580,65,38147.0,23356,821,0,23356.0,0.6122630875298188,Excellent
1581,61,50511.0,20153,456,0,20153.0,0.3989823998732949,High Risk
1582,53,49811.0,18683,724,0,18683.0,0.37507779406155267,Good
1583,52,51056.0,15645,344,0,15645.0,0.30642823566280164,High Risk
1584,39,60639.0,11619,357,0,11619.0,0.19160936031267006,High Risk
1585,61,50615.0,32232,662,1,32232.0,0.6368072705719648,Fair
1586,39,55295.0,3526,823,0,3526.0,0.06376706754679447,Excellent
1587,29,49364.0,22353,623,1,22353.0,0.45281986873024876,Fair
1588,61,44723.0,20529,400,0,20529.0,0.4590255573195,High Risk
1589,22,38074.0,16266,405,0,16266.0,0.4272206755266061,High Risk
1590,69,59841.0,14673,693,0,14673.0,0.24519977941545096,Good
1591,18,37533.0,-7601,548,0,832.2500000000001,0.0221738203714065,High Risk
1592,34,17278.0,-8677,396,0,832.2500000000001,0.04816819076281978,High Risk
1593,46,45764.0,799,408,0,832.2500000000001,0.018185691810156456,High Risk
1594,61,61813.0,18586,464,0,18586.0,0.3006810865028392,High Risk
1595,42,41779.0,22126,655,0,22126.0,0.5295962086215563,Fair
1596,35,43937.0,13297,740,0,13297.0,0.30263786785624874,Good
1597,27,65784.0,-714,334,0,832.2500000000001,0.012651252584215008,High Risk
1598,33,26835.0,18656,377,1,18656.0,0.6952114775479784,High Risk
1599,24,57628.0,7001,719,0,7001.0,0.12148608315402235,Good
1600,56,12210.0,24920,573,0,24920.0,2.0409500409500407,High Risk
1601,36,45049.0,-1340,515,0,832.2500000000001,0.01847432795400564,High Risk
1602,35,57969.0,25426,626,0,25426.0,0.4386137418275285,Fair
1603,36,77135.0,24346,636,1,24346.0,0.3156284436377779,Fair
1604,22,56245.0,16538,385,0,16538.0,0.2940350253355854,High Risk
1605,42,49050.0,20734,341,0,20734.0,0.4227115188583078,High Risk
1606,46,68799.0,13155,676,0,13155.0,0.19120917455195569,Good
1607,23,35343.0,9433,399,1,9433.0,0.26689867866338457,High Risk
1608,62,25622.0,26683,435,0,26683.0,1.0414097260167043,High Risk
1609,28,50479.0,10533,766,0,10533.0,0.2086610273579112,Excellent
1610,41,56161.0,-2779,719,0,832.2500000000001,0.014819002510639058,Good
1611,59,60769.0,16846,428,0,16846.0,0.2772137109381428,High Risk
1612,24,22631.0,6397,656,0,6397.0,0.28266537050947815,Fair
1613,21,37418.0,13394,704,0,13394.0,0.3579560639264525,Good
1614,22,60236.0,18533,414,0,18533.0,0.3076731522677469,High Risk
1615,35,24433.0,7039,491,1,7039.0,0.28809397126836656,High Risk
1616,51,37503.0,588,632,0,832.2500000000001,0.02219155800869264,Fair
1617,51,66958.0,25349,397,0,25349.0,0.378580602765913,High Risk
1618,37,91700.0,10558,318,0,10558.0,0.11513631406761178,High Risk
1619,59,21791.0,22080,848,0,22080.0,1.0132623560185399,Excellent
1620,22,43210.0,20687,834,0,20687.0,0.4787549178430919,Excellent
1621,64,33628.0,22611,377,1,22611.0,0.6723861068157487,High Risk
1622,32,54162.0,16649,345,1,16649.0,0.3073926369041025,High Risk
1623,65,61845.0,12437,477,0,12437.0,0.20109952300105102,High Risk
1624,39,47659.0,17999,803,0,17999.0,0.3776621414633123,Excellent
1625,23,28126.0,7468,357,0,7468.0,0.2655194481973974,High Risk
1626,33,65418.0,18589,406,0,18589.0,0.28415726558439575,High Risk
1627,19,50983.0,13108,454,0,13108.0,0.25710530961300826,High Risk
1628,54,45846.0,18786,770,0,18786.0,0.40976312001046983,Excellent
1629,20,60936.0,13898,540,1,13898.0,0.22807535775239596,High Risk
1630,49,60632.0,17531,752,1,17531.0,0.28913774904340944,Excellent
1631,49,47683.0,8765,773,0,8765.0,0.18381813224839041,Excellent
1632,56,48645.0,16301,720,0,16301.0,0.33510124370438893,Good
1633,25,42212.0,12397,604,1,12397.0,0.29368426039988627,Fair
1634,46,13183.0,28561,478,1,28561.0,2.1665023135856787,High Risk
1635,48,39288.0,33665,705,0,32287.140000000025,0.8218066585216867,Good
1636,27,60154.0,14267,725,0,14267.0,0.23717458523123983,Good
1637,58,22243.0,37049,516,0,32287.140000000025,1.4515640875781155,High Risk
1638,53,15813.0,6496,557,0,6496.0,0.41080123948649844,High Risk
1639,50,47571.0,22494,465,0,22494.0,0.47285110676672765,High Risk
1640,37,74289.0,10592,300,0,10592.0,0.1425783090363311,
1641,23,84794.0,5492,569,0,5492.0,0.06476873363681393,High Risk
1642,65,47406.0,35858,394,0,32287.140000000025,0.681077078850779,High Risk
1643,45,67518.0,22461,548,0,22461.0,0.3326668443970497,High Risk
1644,57,65532.0,14752,626,0,14752.0,0.22511139595922602,Fair
1645,51,32572.0,9057,328,0,9057.0,0.278060911212084,High Risk
1646,37,63248.0,13617,662,0,13617.0,0.2152953453073615,Fair
1647,51,47189.0,-1414,678,0,832.2500000000001,0.017636525461442287,Good
1648,54,79116.0,-4805,326,0,832.2500000000001,0.010519363971889378,High Risk
1649,27,59554.0,22870,747,0,22870.0,0.3840212244349666,Excellent
1650,38,56295.0,16347,790,0,16347.0,0.29038102851052494,Excellent
1651,66,30606.0,26839,713,0,26839.0,0.876919558256551,Good
1652,50,39605.0,33678,342,0,32287.140000000025,0.8152288852417631,High Risk
1653,62,38836.0,18246,763,0,18246.0,0.4698218148110001,Excellent
1654,64,66936.0,11178,654,0,11178.0,0.16699533883112228,Fair
1655,55,61985.0,18827,536,1,18827.0,0.30373477454222797,High Risk
1656,46,52117.0,373,368,0,832.2500000000001,0.015968877717443448,High Risk
1657,20,45899.0,12075,378,0,12075.0,0.2630776269635504,High Risk
1658,34,33095.0,18419,356,0,18419.0,0.556549327693005,High Risk
1659,34,80544.0,26947,696,0,26947.0,0.3345624751688518,Good
1660,55,48935.0,26584,558,0,26584.0,0.5432512516603658,High Risk
1661,50,50829.0,-5098,699,0,832.2500000000001,0.016373526923606604,Good
1662,61,45111.0,17865,670,0,17865.0,0.3960231429141451,Fair
1663,35,37542.0,20789,608,0,20789.0,0.553753129827926,Fair
1664,49,53811.0,15052,796,0,15052.0,0.2797197599003921,Excellent
1665,66,32853.0,8847,470,0,8847.0,0.26929047575563875,High Risk
1666,47,49991.0,19587,505,0,19587.0,0.39181052589466103,High Risk
1667,45,69434.0,18168,474,0,18168.0,0.26165855344643835,High Risk
1668,37,58289.0,20585,540,0,20585.0,0.35315411141038616,High Risk
1669,43,75955.0,5845,849,0,5845.0,0.07695345928510303,Excellent
1670,40,56429.0,5661,522,0,5661.0,0.10032075705754133,High Risk
1671,30,31469.0,28700,627,1,28700.0,0.9120086434268645,Fair
1672,22,48430.0,8388,349,0,8388.0,0.17319843072475738,High Risk
1673,55,41716.0,14447,488,0,14447.0,0.3463179595359095,High Risk
1674,58,25557.0,13021,661,0,13021.0,0.5094885941229409,Fair
1675,40,47756.0,10006,795,0,10006.0,0.20952341067091046,Excellent
1676,66,38928.0,8205,343,0,8205.0,0.21077373612823674,High Risk
1677,24,47143.0,17320,346,0,17320.0,0.3673928260823452,High Risk
1678,56,53114.0,2790,848,0,2790.0,0.052528523553112175,Excellent
1679,57,31102.0,4928,390,1,4928.0,0.15844640216063274,High Risk
1680,36,40810.0,22654,833,0,22654.0,0.5551090419014947,Excellent
1681,34,52208.0,13064,330,0,13064.0,0.2502298498314435,High Risk
1682,61,53958.0,37993,480,1,32287.140000000025,0.5983754030912937,High Risk
1683,65,68402.0,33640,515,0,32287.140000000025,0.47202040875997814,High Risk
1684,29,62996.0,4762,508,0,4762.0,0.07559210108578322,High Risk
1685,23,50780.0,17271,482,0,17271.0,0.34011421819614024,High Risk
1686,67,55228.0,19470,818,0,19470.0,0.3525385673933512,Excellent
1687,45,48003.0,17662,527,1,17662.0,0.36793533737474743,High Risk
1688,22,61304.0,12497,726,0,12497.0,0.20385292966201227,Good
1689,64,67739.0,28126,405,0,28126.0,0.41521132582411907,High Risk
1690,53,45868.0,4838,425,0,4838.0,0.10547658498299468,High Risk
1691,45,40365.0,3769,325,0,3769.0,0.0933729716338412,High Risk
1692,52,69055.0,4814,756,0,4814.0,0.0697125479690102,Excellent
1693,64,54710.0,4939,430,0,4939.0,0.09027600073112776,High Risk
1694,64,70801.0,1151,776,0,1151.0,0.016256832530613975,Excellent
1695,69,12733.0,14583,835,0,14583.0,1.145291761564439,Excellent
1696,49,58057.0,18485,678,0,18485.0,0.31839399211120106,Good
1697,27,54787.0,25268,518,0,25268.0,0.4612043002902148,High Risk
1698,30,51299.0,14644,836,0,14644.0,0.28546365426226633,Excellent
1699,23,71617.0,21469,328,1,21469.0,0.2997751930407585,High Risk
1700,57,48372.0,2825,485,0,2825.0,0.05840155461837426,High Risk
1701,23,56147.0,8058,546,0,8058.0,0.1435161273086719,High Risk
1702,49,53779.0,15614,432,0,15614.0,0.29033637665259676,High Risk
1703,39,58567.0,25516,445,0,25516.0,0.43567196544128944,High Risk
1704,41,72333.0,19934,312,1,19934.0,0.2755865234402002,High Risk
1705,25,75310.0,-9108,771,1,832.2500000000001,0.01105098924445625,Excellent
1706,39,30130.0,9825,398,0,9825.0,0.32608695652173914,High Risk
1707,50,43472.0,31494,326,0,31494.0,0.7244663231505337,High Risk
1708,18,75361.0,16007,679,1,16007.0,0.2124042939982219,Good
1709,61,53165.0,7564,791,0,7564.0,0.1422740524781341,Excellent
1710,30,56091.0,9422,399,0,9422.0,0.16797703731436417,High Risk
1711,35,27064.0,23736,701,0,23736.0,0.8770322199231452,Good
1712,43,46969.0,7887,585,0,7887.0,0.1679192658987843,Fair
1713,29,69315.0,34362,609,0,32287.140000000025,0.46580307292793804,Fair
1714,49,20328.0,21033,768,0,21033.0,1.034681227863046,Excellent
1715,56,36139.0,11652,789,0,11652.0,0.32242176042502557,Excellent
1716,19,35315.0,31231,634,0,31231.0,0.8843550899051394,Fair
1717,33,57054.0,25884,776,0,25884.0,0.4536754653486171,Excellent
1718,63,44146.0,12247,385,1,12247.0,0.27742037783717666,High Risk
1719,31,48766.0,14287,586,0,14287.0,0.29297051224213594,Fair
1720,61,43515.0,14357,596,0,14357.0,0.3299322072848443,Fair
1721,22,43132.0,16946,743,0,16946.0,0.39288695168320503,Excellent
1722,66,15347.0,-1608,833,0,832.2500000000001,0.05422883951260833,Excellent
1723,21,69655.0,6481,459,0,6481.0,0.0930442897135884,High Risk
1724,32,80810.0,7765,524,0,7765.0,0.09608959287216928,High Risk
1725,30,65846.0,2092,333,0,2092.0,0.03177110226893053,High Risk
1726,35,50954.0,21911,554,0,21911.0,0.4300153079247949,High Risk
1727,29,52099.0,14289,823,0,14289.0,0.2742663006967504,Excellent
1728,36,90829.0,11642,399,0,11642.0,0.1281749221063757,High Risk
1729,19,54826.0,18408,799,0,18408.0,0.33575310983839785,Excellent
1730,51,59373.0,-327,805,0,832.2500000000001,0.014017314267427958,Excellent
1731,50,72304.0,16048,688,0,16048.0,0.22195175923876964,Good
1732,18,35135.0,16236,721,0,16236.0,0.46210331578198377,Good
1733,67,67255.0,25699,546,0,25699.0,0.38211285406289497,High Risk
1734,18,31949.0,11160,847,0,11160.0,0.349306707565182,Excellent
1735,36,77846.0,10034,477,0,10034.0,0.1288955116512088,High Risk
1736,33,29929.0,7470,831,1,7470.0,0.2495906979852317,Excellent
1737,46,29063.0,8789,833,0,8789.0,0.3024120015139524,Excellent
1738,59,58470.0,12847,670,0,12847.0,0.21971951428082778,Fair
1739,53,36408.0,29276,578,0,29276.0,0.8041089870358163,High Risk
1740,50,39283.0,21081,527,0,21081.0,0.5366443499732709,High Risk
1741,57,23994.0,12423,598,0,12423.0,0.5177544386096524,Fair
1742,53,30205.0,6502,828,0,6502.0,0.21526237377917562,Excellent
1743,31,65800.0,10426,307,0,10426.0,0.1584498480243161,High Risk
1744,22,56709.0,13692,624,0,13692.0,0.24144315717081943,Fair
1745,43,75388.0,22499,738,0,22499.0,0.2984427229797846,Good
1746,63,43704.0,2645,714,0,2645.0,0.06052077613033132,Good
1747,58,56800.0,17143,748,0,17143.0,0.30181338028169014,Excellent
1748,38,47801.0,25008,555,0,25008.0,0.5231689713604318,High Risk
1749,58,43136.0,4355,359,0,4355.0,0.10095975519287834,High Risk
1750,26,69557.0,5811,520,0,5811.0,0.0835429935161091,High Risk
1751,51,55116.0,7561,475,1,7561.0,0.1371833950214094,High Risk
1752,22,44901.0,9715,624,0,9715.0,0.21636489165052003,Fair
1753,61,62844.0,16003,805,0,16003.0,0.25464642607090576,Excellent
1754,58,67571.0,18013,684,0,18013.0,0.26657885779402407,Good
1755,33,49987.0,20543,477,0,20543.0,0.41096685138135913,High Risk
1756,51,38226.0,10122,401,0,10122.0,0.2647935959817925,High Risk
1757,34,17445.0,-1579,448,0,832.2500000000001,0.04770707939237605,High Risk
1758,18,17544.0,24368,423,0,24368.0,1.3889648882808938,High Risk
1759,29,42666.0,19259,715,0,19259.0,0.45138986546664794,Good
1760,20,58832.0,29124,788,0,29124.0,0.4950367147130813,Excellent
1761,54,32089.0,16680,421,1,16680.0,0.5198042943064601,High Risk
1762,69,71024.0,11494,638,0,11494.0,0.16183261995945034,Fair
1763,28,34391.0,14925,756,0,14925.0,0.43397982030182314,Excellent
1764,55,62819.0,34702,387,0,32287.140000000025,0.5139709323612287,High Risk
1765,32,32972.0,13952,593,0,13952.0,0.4231469125318452,Fair
1766,48,53130.0,11259,801,1,11259.0,0.211914172783738,Excellent
1767,26,71728.0,16609,473,0,16609.0,0.23155532009814855,High Risk
1768,40,41004.0,21616,628,0,21616.0,0.5271680811628133,Fair
1769,35,49944.0,13185,384,0,13185.0,0.2639956751561749,High Risk
1770,36,17174.0,8342,702,0,8342.0,0.48573424944683824,Good
1771,53,36112.0,21795,540,0,21795.0,0.6035389898094816,High Risk
1772,54,40347.0,19192,431,0,19192.0,0.4756735321089548,High Risk
1773,33,69853.0,18988,779,0,18988.0,0.27182798161854177,Excellent
1774,20,57927.0,13860,548,0,13860.0,0.23926666321404527,High Risk
1775,42,45445.0,17464,499,0,17464.0,0.3842887006271317,High Risk
1776,60,89761.0,-1895,351,0,832.2500000000001,0.009271844119383699,High Risk
1777,38,73343.0,16098,357,0,16098.0,0.21948924914443096,High Risk
1778,59,48820.0,15756,404,0,15756.0,0.32273658336747235,High Risk
1779,67,64590.0,25808,367,1,25808.0,0.3995664963616659,High Risk
1780,41,60222.0,16071,598,0,16071.0,0.2668626083491083,Fair
1781,59,38386.0,10240,350,0,10240.0,0.2667639243474183,High Risk
1782,28,60146.0,15861,322,0,15861.0,0.26370830977953647,High Risk
1783,31,55083.0,27554,339,1,27554.0,0.500226930268867,High Risk
1784,44,68400.0,644,378,0,832.2500000000001,0.012167397660818716,High Risk
1785,48,42888.0,12984,336,0,12984.0,0.30274202574146614,High Risk
1786,39,53956.0,21268,333,1,21268.0,0.3941730298761954,High Risk
1787,61,30949.0,14639,567,0,14639.0,0.4730039742802675,High Risk
1788,50,32847.0,14270,506,0,14270.0,0.4344384570889275,High Risk
1789,47,31319.0,21450,746,0,21450.0,0.6848877678086784,Excellent
1790,25,51063.0,31711,396,1,31711.0,0.6210171748624248,High Risk
1791,61,11877.0,8305,718,0,8305.0,0.6992506525216805,Good
1792,53,68853.0,10467,690,1,10467.0,0.15201951984662979,Good
1793,27,22002.0,14546,715,0,14546.0,0.6611217162076175,Good
1794,60,32643.0,12374,378,0,12374.0,0.37907055111356186,High Risk
1795,44,45274.0,18293,773,0,18293.0,0.4040508901356187,Excellent
1796,31,55717.0,28296,838,1,28296.0,0.5078521815603855,Excellent
1797,55,58604.0,26941,560,0,26941.0,0.45971264760084635,High Risk
1798,42,38308.0,-546,430,0,832.2500000000001,0.02172522710660959,High Risk
1799,65,74691.0,29402,826,0,29402.0,0.39364849848040595,Excellent
1800,21,39450.0,13231,650,0,13231.0,0.33538656527249683,Fair
1801,27,52615.0,12348,754,1,12348.0,0.23468592606671101,Excellent
1802,56,35133.0,17152,819,0,17152.0,0.4882019753508098,Excellent
1803,48,52998.0,15461,492,1,15461.0,0.2917279897354617,High Risk
1804,52,30263.0,24301,664,0,24301.0,0.8029937547500248,Fair
1805,36,59110.0,4566,466,0,4566.0,0.07724581289121976,High Risk
1806,62,67077.0,10364,395,1,10364.0,0.1545089971227097,High Risk
1807,45,79191.0,18940,406,0,18940.0,0.23916859239054944,High Risk
1808,57,27786.0,6359,491,1,6359.0,0.22885625854746994,High Risk
1809,60,60605.0,25701,818,0,25701.0,0.42407392129362265,Excellent
1810,42,39196.0,3134,711,0,3134.0,0.07995713848351872,Good
1811,62,73931.0,40574,477,1,32287.140000000025,0.43671991451488584,High Risk
1812,56,46321.0,13899,844,0,13899.0,0.30005828889704456,Excellent
1813,42,5470.0,18569,592,1,18569.0,3.3946983546617915,Fair
1814,37,43985.0,7934,737,0,7934.0,0.18037967488916676,Good
1815,65,79047.0,19006,361,0,19006.0,0.2404392323554341,High Risk
1816,69,47545.0,13031,776,0,13031.0,0.2740771900304974,Excellent
1817,48,39282.0,15354,446,0,15354.0,0.3908660455170307,High Risk
1818,50,77067.0,23747,397,1,23747.0,0.30813448038719554,High Risk
1819,60,50013.0,20223,561,1,20223.0,0.40435486773438906,High Risk
1820,21,62268.0,12017,376,0,12017.0,0.19298837283998202,High Risk
1821,43,18117.0,22683,804,0,22683.0,1.2520284815366782,Excellent
1822,69,59672.0,13457,796,0,13457.0,0.2255161549805604,Excellent
1823,45,71406.0,6144,577,0,6144.0,0.08604318964792874,High Risk
1824,51,50479.0,30549,371,0,30549.0,0.6051823530577072,High Risk
1825,64,63220.0,16433,364,0,16433.0,0.259933565327428,High Risk
1826,19,41017.0,14843,741,0,14843.0,0.3618743447838701,Excellent
1827,55,47339.0,9265,360,0,9265.0,0.19571600583028792,High Risk
1828,24,47456.0,31108,372,0,31108.0,0.6555124747134188,High Risk
1829,63,57443.0,11785,663,0,11785.0,0.2051598976376582,Fair
1830,47,75947.0,7772,413,1,7772.0,0.10233452275929267,High Risk
1831,22,46046.0,21266,375,0,21266.0,0.4618425053207662,High Risk
1832,40,22506.0,16072,395,0,16072.0,0.7141206789300631,High Risk
1833,30,63630.0,17271,422,0,17271.0,0.2714285714285714,High Risk
1834,28,37803.0,19347,527,0,19347.0,0.5117847789857948,High Risk
1835,19,74377.0,15480,525,0,15480.0,0.20812885703913844,High Risk
1836,24,54798.0,11800,849,1,11800.0,0.2153363261432899,Excellent
1837,68,45717.0,14082,415,0,14082.0,0.30802546098825384,High Risk
1838,45,34134.0,15646,657,1,15646.0,0.4583699537118416,Fair
1839,25,38341.0,-361,423,1,832.2500000000001,0.02170652825956548,High Risk
1840,68,49675.0,18292,492,0,18292.0,0.36823351786612984,High Risk
1841,25,36661.0,15779,790,0,15779.0,0.43040288044515973,Excellent
1842,38,67953.0,2307,513,0,2307.0,0.03394993598516622,High Risk
1843,60,41720.0,18695,759,1,18695.0,0.4481064237775647,Excellent
1844,47,54576.0,26427,777,1,26427.0,0.48422383465259455,Excellent
1845,57,49606.0,15545,723,1,15545.0,0.31336935048179654,Good
1846,36,39664.0,25439,817,0,25439.0,0.6413624445340863,Excellent
1847,19,83287.0,21435,683,1,21435.0,0.2573630938801974,Good
1848,24,54415.0,25846,369,0,25846.0,0.4749793255536157,High Risk
1849,28,69814.0,4863,694,0,4863.0,0.06965651588506604,Good
1850,22,57004.0,-211,751,0,832.2500000000001,0.014599852641919868,Excellent
1851,62,41825.0,17135,642,0,17135.0,0.40968320382546325,Fair
1852,20,70784.0,20600,559,0,20600.0,0.2910262206148282,High Risk
1853,33,41654.0,21358,367,0,21358.0,0.5127478753541076,High Risk
1854,35,68995.0,7644,431,0,7644.0,0.11079063700268135,High Risk
1855,64,77059.0,25346,409,0,25346.0,0.32891680400731904,High Risk
1856,55,66675.0,20958,674,0,20958.0,0.3143307086614173,Good
1857,51,39881.0,22297,756,0,22297.0,0.5590882876557759,Excellent
1858,63,20450.0,12871,515,0,12871.0,0.6293887530562348,High Risk
1859,69,44235.0,22369,475,0,22369.0,0.5056855431219622,High Risk
1860,23,43298.0,26787,649,1,26787.0,0.6186659891911866,Fair
1861,24,61154.0,32754,807,0,32287.140000000025,0.527964483108219,Excellent
1862,23,49010.0,28412,523,0,28412.0,0.579718424811263,High Risk
1863,60,52259.0,27148,400,0,27148.0,0.5194894659293137,High Risk
1864,51,20986.0,3264,739,0,3264.0,0.1555322596016392,Good
1865,20,27220.0,17595,603,0,17595.0,0.646399706098457,Fair
1866,33,45540.0,2629,755,1,2629.0,0.057729468599033815,Excellent
1867,34,71852.0,11061,740,0,11061.0,0.1539414351722986,Good
1868,49,45857.0,294,578,0,832.2500000000001,0.018148810432431255,High Risk
1869,46,67625.0,28245,806,0,28245.0,0.4176709796672828,Excellent
1870,28,66291.0,15781,435,0,15781.0,0.23805644808495874,High Risk
1871,56,72896.0,18548,399,0,18548.0,0.2544446883230904,High Risk
1872,31,62383.0,11371,694,1,11371.0,0.1822772229613837,Good
1873,51,74133.0,15330,466,0,15330.0,0.20679049815871475,High Risk
1874,69,67336.0,12157,586,0,12157.0,0.18054235475822739,Fair
1875,32,38321.0,26355,661,0,26355.0,0.6877430129693901,Fair
1876,44,60411.0,7867,514,0,7867.0,0.1302246279651057,High Risk
1877,52,60693.0,9508,585,0,9508.0,0.15665727513881336,Fair
1878,61,28686.0,14657,565,0,14657.0,0.5109461061144809,High Risk
1879,55,50352.0,29584,504,1,29584.0,0.5875436924054656,High Risk
1880,59,43016.0,26820,520,0,26820.0,0.6234889343500093,High Risk
1881,62,62327.0,5138,613,0,5138.0,0.0824361833555281,Fair
1882,39,45791.0,3138,630,0,3138.0,0.06852875019108559,Fair
1883,62,53254.0,22564,843,0,22564.0,0.42370526157659516,Excellent
1884,45,62784.0,8092,791,1,8092.0,0.1288863404689093,Excellent
1885,30,44851.0,13568,525,0,13568.0,0.3025127644868565,High Risk
1886,66,30266.0,6784,500,0,6784.0,0.22414590629749553,High Risk
1887,51,42770.0,34114,310,1,32287.140000000025,0.7549015665185884,High Risk
1888,21,30812.0,15546,568,0,15546.0,0.5045436842788524,High Risk
1889,66,45631.0,36722,639,1,32287.140000000025,0.7075702921259676,Fair
1890,45,68118.0,3791,604,0,3791.0,0.05565342493907631,Fair
1891,39,45166.0,11474,495,1,11474.0,0.2540406500464952,High Risk
1892,60,43400.0,10334,353,0,10334.0,0.238110599078341,High Risk
1893,67,48154.0,12918,639,0,12918.0,0.26826431864434935,Fair
1894,69,25610.0,34448,457,0,32287.140000000025,1.2607239359625155,High Risk
1895,18,59916.0,28086,431,0,28086.0,0.4687562587622672,High Risk
1896,64,43699.0,25858,810,0,25858.0,0.5917297878669993,Excellent
1897,69,53161.0,19531,587,1,19531.0,0.36739338989108555,Fair
1898,49,44445.0,10107,475,0,10107.0,0.22740465744178198,High Risk
1899,50,60020.0,21141,491,1,21141.0,0.3522325891369543,High Risk
1900,61,68892.0,11507,481,0,11507.0,0.1670295535040353,High Risk
1901,21,32294.0,4791,574,0,4791.0,0.14835573171486963,High Risk
1902,26,55903.0,12948,687,1,12948.0,0.2316154768080425,Good
1903,54,43641.0,13199,348,0,13199.0,0.3024449485575491,High Risk
1904,32,55206.0,21242,796,1,21242.0,0.3847770169909068,Excellent
1905,42,62253.0,16662,666,0,16662.0,0.26764975181918943,Fair
1906,60,73777.0,11831,389,0,11831.0,0.1603616303183919,High Risk
1907,52,36979.0,23323,334,0,23323.0,0.6307093215068011,High Risk
1908,67,40210.0,17611,529,0,17611.0,0.43797562795324546,High Risk
1909,25,28658.0,24662,687,1,24662.0,0.8605624956382162,Good
1910,42,43612.0,10883,396,1,10883.0,0.24954141062093002,High Risk
1911,60,41043.0,27999,568,1,27999.0,0.682186974636357,High Risk
1912,46,46847.0,227,602,0,832.2500000000001,0.017765278459666578,Fair
1913,59,47047.0,15929,734,0,15929.0,0.33857631729972154,Good
1914,69,39467.0,3438,626,0,3438.0,0.0871107507537943,Fair
1915,41,21790.0,17307,696,0,17307.0,0.7942634235888022,Good
1916,45,65771.0,5344,495,1,5344.0,0.08125161545361938,High Risk
1917,62,43621.0,11238,383,0,11238.0,0.2576282065977396,High Risk
1918,28,52110.0,4817,752,1,4817.0,0.09243907119554788,Excellent
1919,52,83715.0,28040,748,1,28040.0,0.33494594756017443,Excellent
1920,37,30672.0,3952,325,1,3952.0,0.1288471570161711,High Risk
1921,37,47771.0,17496,459,1,17496.0,0.36624730485022294,High Risk
1922,63,68603.0,25358,536,0,25358.0,0.3696339810212381,High Risk
1923,32,63001.0,1838,708,0,1838.0,0.029174140093014396,Good
1924,42,39267.0,25656,690,1,25656.0,0.6533730613492246,Good
1925,24,68965.0,3593,738,0,3593.0,0.052098890741680566,Good
1926,55,43304.0,22233,401,0,22233.0,0.5134167744319231,High Risk
1927,55,33608.0,6745,337,0,6745.0,0.20069626279457273,High Risk
1928,18,43934.0,17177,813,0,17177.0,0.39097282287066965,Excellent
1929,67,39754.0,11610,358,0,11610.0,0.2920460834129899,High Risk
1930,18,41405.0,11242,578,0,11242.0,0.27151310228233305,High Risk
1931,60,36033.0,29176,739,0,29176.0,0.8097022174118169,Good
1932,34,48000.0,21539,634,0,21539.0,0.4487291666666667,Fair
1933,45,45100.0,-1194,400,1,832.2500000000001,0.018453436807095346,High Risk
1934,40,54504.0,17511,350,1,17511.0,0.32127917217084984,High Risk
1935,58,86700.0,14028,625,0,14028.0,0.1617993079584775,Fair
1936,58,23441.0,19017,546,0,19017.0,0.8112708502197006,High Risk
1937,37,46611.0,17197,465,0,17197.0,0.3689472442127395,High Risk
1938,30,58405.0,14666,774,0,14666.0,0.25110863795907884,Excellent
1939,45,33482.0,12132,451,0,12132.0,0.36234394600083625,High Risk
1940,50,36439.0,14286,752,1,14286.0,0.3920524712533275,Excellent
1941,54,47792.0,8860,830,0,8860.0,0.1853866755942417,Excellent
1942,45,40487.0,18675,718,0,18675.0,0.4612591696099983,Good
1943,39,47460.0,17322,548,1,17322.0,0.3649810366624526,High Risk
1944,27,56258.0,6398,563,0,6398.0,0.1137260478509723,High Risk
1945,63,71540.0,9768,606,0,9768.0,0.13653899916130835,Fair
1946,61,84364.0,28484,633,1,28484.0,0.3376321653785975,Fair
1947,20,19602.0,30409,523,0,30409.0,1.551321293745536,High Risk
1948,40,47010.0,14652,444,0,14652.0,0.3116783663050415,High Risk
1949,20,69355.0,5263,721,0,5263.0,0.07588493980246558,Good
1950,47,45403.0,15752,509,1,15752.0,0.34693742704226593,High Risk
1951,30,43067.0,500000,591,0,32287.140000000025,0.7496955905914047,Fair
1952,30,58797.0,500000,677,0,32287.140000000025,0.5491290371957758,Good
1953,50,41752.0,500000,433,0,32287.140000000025,0.7733076259819894,High Risk
1954,68,40003.0,500000,484,0,32287.140000000025,0.8071179661525392,High Risk
1955,28,47701.0,500000,841,1,32287.140000000025,0.6768650552399326,Excellent
1956,29,61974.0,500000,704,0,32287.140000000025,0.5209787975602677,Good
1957,21,63184.0,500000,451,0,32287.140000000025,0.5110018359078251,High Risk
1958,32,16019.0,500000,836,0,32287.140000000025,2.015552781072478,Excellent
1959,57,60458.0,500000,697,0,32287.140000000025,0.5340424757683023,Good
1960,59,55195.0,500000,723,0,32287.140000000025,0.5849649424766741,Good
1961,68,57965.0,500000,650,0,32287.140000000025,0.5570109548865699,Fair
1962,42,48856.0,500000,548,1,32287.140000000025,0.660863353528738,High Risk
1963,59,47479.0,500000,687,1,32287.140000000025,0.6800299079593088,Good
1964,41,51545.0,500000,753,0,32287.140000000025,0.6263874284605689,Excellent
1965,40,52119.0,500000,321,0,32287.140000000025,0.6194888620272841,High Risk
1966,65,36246.0,500000,745,1,32287.140000000025,0.8907780168846224,Excellent
1967,55,47680.0,500000,453,0,32287.140000000025,0.6771631711409402,High Risk
1968,68,52761.0,500000,555,0,32287.140000000025,0.611950872803776,High Risk
1969,42,45833.0,500000,697,0,32287.140000000025,0.7044518141950129,Good
1970,60,59897.0,500000,330,0,32287.140000000025,0.5390443594837809,High Risk
1971,24,38057.0,500000,671,0,32287.140000000025,0.8483889954541878,Good
1972,36,39743.0,500000,421,0,32287.140000000025,0.8123981581662186,High Risk
1973,61,35407.0,500000,315,0,32287.140000000025,0.9118857852966934,High Risk
1974,68,41900.0,500000,785,0,32287.140000000025,0.7705761336515519,Excellent
1975,47,40273.0,500000,440,0,32287.140000000025,0.8017068507436751,High Risk
1976,21,43938.0,500000,324,0,32287.140000000025,0.7348340843916433,High Risk
1977,59,68549.0,500000,703,0,32287.140000000025,0.4710081839268264,Good
1978,41,57049.0,500000,689,0,32287.140000000025,0.5659545303160446,Good
1979,64,43889.0,500000,845,1,32287.140000000025,0.7356544920139448,Excellent
1980,60,43427.0,500000,743,0,32287.140000000025,0.7434807838441528,Excellent
1981,45,36805.0,500000,306,1,32287.140000000025,0.8772487433772592,High Risk
1982,33,40392.0,500000,532,0,32287.140000000025,0.7993449197860969,High Risk
1983,30,70020.0,500000,729,0,32287.140000000025,0.4611131105398461,Good
1984,68,41435.0,500000,385,0,32287.140000000025,0.7792238445758423,High Risk
1985,28,63612.0,500000,465,0,32287.140000000025,0.507563667232598,High Risk
1986,66,40301.0,500000,429,0,32287.140000000025,0.8011498473983282,High Risk
1987,36,34712.0,500000,513,0,32287.140000000025,0.9301434662364607,High Risk
1988,48,49746.0,500000,326,1,32287.140000000025,0.6490399228078645,High Risk
1989,23,51126.0,500000,736,0,32287.140000000025,0.6315209482455115,Good
1990,69,77532.0,500000,547,0,32287.140000000025,0.41643631016870486,High Risk
1991,38,45700.0,500000,601,0,32287.140000000025,0.7065019693654272,Fair
1992,57,33579.0,500000,390,0,32287.140000000025,0.9615277405521315,High Risk
1993,32,43810.0,500000,453,1,32287.140000000025,0.7369810545537554,High Risk
1994,63,85492.0,500000,553,0,32287.140000000025,0.3776627052823659,High Risk
1995,60,24488.0,500000,498,0,32287.140000000025,1.3184882391375379,High Risk
1996,57,30315.0,500000,517,0,32287.140000000025,1.0650549233052953,High Risk
1997,64,49518.0,500000,356,0,32287.140000000025,0.6520283533260638,High Risk
1998,46,58178.0,500000,654,0,32287.140000000025,0.5549716387637943,Fair
1999,37,56642.0,500000,338,0,32287.140000000025,0.5700211856925961,High Risk
2000,66,60581.0,500000,558,0,32287.140000000025,0.5329581882108256,High Risk
